time_step,temperature
0,24.12628258891391
1,24.12628258891391
2,24.12628258891391
3,24.12628258891391
4,24.12628258891391
