time_step,temperature
0,23.907261930997326
1,23.907261930997326
2,23.907261930997326
3,23.907261930997326
4,23.907261930997326
