time_step,temperature
0,26.748082889790954
1,26.770650505940903
2,26.78206157160601
3,26.742411915094188
4,26.767398658375072
