time_step,temperature
0,25.593726400736667
1,25.600851554798094
2,25.598399053076648
3,25.596749551721345
4,25.594551135266887
