time_step,temperature
0,23.02609813051629
1,23.02609813051629
2,23.02609813051629
3,23.02609813051629
4,23.02609813051629
