time_step,temperature
0,27.858190024891087
1,27.823464434007818
2,28.138952988138126
3,28.08790297345381
4,27.87110549698412
