time_step,temperature
0,22.780857508053035
1,22.780857508053035
2,22.780857508053035
3,22.780857508053035
4,22.780857508053035
