time_step,temperature
0,27.521509819785123
1,24.38488096393068
2,25.692577855788052
3,27.2786635070245
4,21.534973275907596
