time_step,temperature
0,26.93152282858023
1,26.93152282858023
2,26.93152282858023
3,26.93152282858023
4,26.93152282858023
