time_step,temperature
0,21.92433005350193
1,19.23401180380197
2,24.963733015645904
3,22.357285863287686
4,19.82188269357784
