time_step,temperature
0,25.827081120185913
1,25.827081120185913
2,25.827081120185913
3,25.827081120185913
4,25.827081120185913
