time_step,temperature
0,23.29242663365265
1,23.292426638941723
2,23.29242663327199
3,23.29242663496759
4,23.29242663405882
