time_step,temperature
0,25.453289026930356
1,25.453289026930356
2,25.453289026930356
3,25.453289026930356
4,25.453289026930356
