time_step,temperature
0,28.265778457098314
1,28.265778457098314
2,28.265778457098314
3,28.265778457098314
4,28.265778457098314
