time_step,temperature
0,23.50036469341775
1,23.50036469341775
2,23.50036469341775
3,23.50036469341775
4,23.50036469341775
