time_step,temperature
0,24.80704616854963
1,24.80704616854963
2,24.80704616854963
3,24.80704616854963
4,24.80704616854963
