time_step,temperature
0,27.77656836793345
1,27.77656836793345
2,27.77656836793345
3,27.77656836793345
4,27.77656836793345
