time_step,temperature
0,26.12198129391376
1,26.12198129391376
2,26.12198129391376
3,26.12198129391376
4,26.12198129391376
