time_step,temperature
0,30.345277768739468
1,30.345277768739468
2,30.345277768739468
3,30.345277768739468
4,30.345277768739468
