time_step,temperature
0,26.545294123790192
1,23.53479408675374
2,27.204778695730944
3,28.842828421861366
4,29.796165762061776
