time_step,temperature
0,19.861285298602546
1,19.861285298602546
2,19.861285298602546
3,19.861285298602546
4,19.861285298602546
