time_step,temperature
0,23.735858148957725
1,23.735858148957725
2,23.735858148957725
3,23.735858148957725
4,23.735858148957725
