time_step,temperature
0,26.66119753231882
1,26.66119753231882
2,26.66119753231882
3,26.66119753231882
4,26.66119753231882
