time_step,temperature
0,26.99330430034837
1,26.99330430034837
2,26.99330430034837
3,26.99330430034837
4,26.99330430034837
