time_step,temperature
0,25.47681909147412
1,25.47681909147412
2,25.47681909147412
3,25.47681909147412
4,25.47681909147412
