time_step,temperature
0,27.158967592222982
1,27.38314342866607
2,27.22146323462841
3,27.70668138824569
4,27.16858753008483
