time_step,temperature
0,23.207813499056527
1,23.921785608791915
2,24.047212196941167
3,23.814995582573573
4,23.09905480137914
