time_step,temperature
0,29.055987396427717
1,29.05598739642101
2,29.05598739646483
3,29.055987396380505
4,29.0559873964014
