time_step,temperature
0,22.047571950067354
1,22.047571950067354
2,22.047571950067354
3,22.047571950067354
4,22.047571950067354
