time_step,temperature
0,25.692191693070743
1,25.692191233929464
2,25.69219132241265
3,25.692191963765804
4,25.69219183329798
