time_step,temperature
0,23.421623169297145
1,23.421623169297145
2,23.421623169297145
3,23.421623169297145
4,23.421623169297145
