time_step,temperature
0,26.394331534452455
1,26.394331534452455
2,26.394331534452455
3,26.394331534452455
4,26.394331534452455
