time_step,temperature
0,29.611488035291536
1,29.5998891968202
2,29.565031071453053
3,29.616298100096913
4,29.557508877474916
