time_step,temperature
0,29.617153479154833
1,29.617153479154833
2,29.617153479154833
3,29.617153479154833
4,29.617153479154833
