time_step,temperature
0,29.16648767686516
1,29.16648767686516
2,29.16648767686516
3,29.16648767686516
4,29.16648767686516
