time_step,temperature
0,26.081639867993342
1,26.081639867993342
2,26.081639867993342
3,26.081639867993342
4,26.081639867993342
