time_step,temperature
0,25.9546016300754
1,25.352000228430263
2,26.16392433950345
3,24.377151778226793
4,22.48050170298284
