time_step,temperature
0,25.23333423234694
1,25.23333479202543
2,25.233334087003367
3,25.23333418046042
4,25.233334566076763
