time_step,temperature
0,26.0958020498677
1,26.0958020498677
2,26.0958020498677
3,26.0958020498677
4,26.0958020498677
