time_step,temperature
0,22.278816084142463
1,22.278816084142463
2,22.278816084142463
3,22.278816084142463
4,22.278816084142463
