time_step,temperature
0,26.850877912972795
1,26.850877912972795
2,26.850877912972795
3,26.850877912972795
4,26.850877912972795
