time_step,temperature
0,23.74631054506993
1,23.74631054506993
2,23.74631054506993
3,23.74631054506993
4,23.74631054506993
