time_step,temperature
0,26.719490142052408
1,26.719490142052408
2,26.719490142052408
3,26.719490142052408
4,26.719490142052408
