time_step,temperature
0,29.540222045542684
1,29.540222045542684
2,29.540222045542684
3,29.540222045542684
4,29.540222045542684
