time_step,temperature
0,29.489376646595645
1,29.489376646595645
2,29.489376646595645
3,29.489376646595645
4,29.489376646595645
