time_step,temperature
0,29.002262010905415
1,29.002262010905415
2,29.002262010905415
3,29.002262010905415
4,29.002262010905415
