time_step,temperature
0,25.86819577788944
1,25.86819577788944
2,25.86819577788944
3,25.86819577788944
4,25.86819577788944
