time_step,temperature
0,24.49185899529858
1,24.490714820283532
2,24.4876310758824
3,24.491501862175173
4,24.489561574154134
