time_step,temperature
0,27.755724307620174
1,27.75044588950211
2,28.008487323820688
3,27.93068298700609
4,28.099298679078352
