time_step,temperature
0,24.48718062012713
1,24.48718062012713
2,24.48718062012713
3,24.48718062012713
4,24.48718062012713
