time_step,temperature
0,23.89774095969609
1,23.898047168493736
2,23.897411125512377
3,23.897699927132287
4,23.897255884356404
