time_step,temperature
0,27.76898996476976
1,27.768989964772818
2,27.768989964757232
3,27.768989964660104
4,27.768989964677832
