time_step,temperature
0,28.185693744336334
1,28.185693744336334
2,28.185693744336334
3,28.185693744336334
4,28.185693744336334
