time_step,temperature
0,24.425833599902976
1,24.425833599902976
2,24.425833599902976
3,24.425833599902976
4,24.425833599902976
