time_step,temperature
0,26.41564387246553
1,26.415643892336448
2,26.415643915751406
3,26.415643995847766
4,26.41564401744678
