time_step,temperature
0,22.303399249078105
1,22.303399249078105
2,22.303399249078105
3,22.303399249078105
4,22.303399249078105
