time_step,temperature
0,29.111649765071096
1,29.111649749692354
2,29.11164976068835
3,29.111649756193856
4,29.11164977676986
