time_step,temperature
0,27.57844836869081
1,22.893313038977503
2,25.175184444286685
3,28.88525776122105
4,23.545354652542514
