time_step,temperature
0,20.219187599406954
1,20.219187599406954
2,20.219187599406954
3,20.219187599406954
4,20.219187599406954
