time_step,temperature
0,22.241131646411745
1,22.2411316458458
2,22.241131645860932
3,22.241131645855695
4,22.24113164627029
