time_step,temperature
0,23.31043566971279
1,23.31043566971279
2,23.31043566971279
3,23.31043566971279
4,23.31043566971279
