time_step,temperature
0,22.70636945517213
1,20.7752633978705
2,21.058569503974887
3,23.23502829662305
4,21.94645325718672
