time_step,temperature
0,26.890502211946675
1,26.890502211946814
2,26.89050221194667
3,26.89050221194689
4,26.890502211946725
