time_step,temperature
0,26.283326336919096
1,26.28332633019072
2,26.283326337891996
3,26.28332633260792
4,26.283326320360416
