time_step,temperature
0,24.17298877715017
1,24.172988777150152
2,24.172988777150156
3,24.172988777150156
4,24.17298877715016
