time_step,temperature
0,27.714374430136267
1,27.71437443013529
2,27.71437443013542
3,27.714374430134143
4,27.71437443013425
