time_step,temperature
0,29.023711824604934
1,29.066668010144653
2,29.35923134173439
3,28.78327014065051
4,28.815310888883708
