time_step,temperature
0,30.227403109062212
1,30.227403109062212
2,30.227403109062212
3,30.227403109062212
4,30.227403109062212
