time_step,temperature
0,28.58838000137628
1,28.58838000137628
2,28.58838000137628
3,28.58838000137628
4,28.58838000137628
