time_step,temperature
0,30.23262100294737
1,30.232621111045734
2,30.23262111039687
3,30.232620948047778
4,30.232620975140232
