time_step,temperature
0,24.62384448945326
1,24.58437306760376
2,24.625924429623442
3,24.56569988580684
4,24.618971219350367
