time_step,temperature
0,20.996910278788643
1,20.996910278788643
2,20.996910278788643
3,20.996910278788643
4,20.996910278788643
