time_step,temperature
0,26.517862594910664
1,26.517862594910664
2,26.517862594910664
3,26.517862594910664
4,26.517862594910664
