time_step,temperature
0,24.81705116923105
1,24.817353647697924
2,24.816914666277064
3,24.81759716269694
4,24.81666295878841
