time_step,temperature
0,21.332093793259574
1,21.33209195972698
2,21.332096080170167
3,21.332091603047566
4,21.332095884432388
