time_step,temperature
0,29.220395369493303
1,29.220395369493303
2,29.220395369493303
3,29.220395369493303
4,29.220395369493303
