time_step,temperature
0,24.584281717051066
1,24.584281717051066
2,24.584281717051066
3,24.584281717051066
4,24.584281717051066
