time_step,temperature
0,28.08859238855308
1,28.088592524523563
2,28.08859248371629
3,28.088592494746518
4,28.088592529549796
