time_step,temperature
0,19.418358516705403
1,19.418358516705403
2,19.418358516705403
3,19.418358516705403
4,19.418358516705403
