time_step,temperature
0,23.451732282975296
1,23.451732282975296
2,23.451732282975296
3,23.451732282975296
4,23.451732282975296
