time_step,temperature
0,27.075843210017364
1,27.075843210017364
2,27.075843210017364
3,27.075843210017364
4,27.075843210017364
