time_step,temperature
0,21.28661242838342
1,21.28661242838342
2,21.28661242838342
3,21.28661242838342
4,21.28661242838342
