time_step,temperature
0,26.59692620525272
1,27.234306345952994
2,22.038540682495878
3,26.403782045782798
4,24.506125749588282
