time_step,temperature
0,25.817349887841456
1,25.817378255378795
2,25.817322449198436
3,25.817369922312324
4,25.817353833934625
