time_step,temperature
0,21.075867215444703
1,21.075867215443274
2,21.07586721544263
3,21.075867215442983
4,21.075867215444728
