time_step,temperature
0,28.96637702508548
1,28.96637702508548
2,28.96637702508548
3,28.96637702508548
4,28.96637702508548
