time_step,temperature
0,21.806432579345064
1,21.80623362516833
2,21.80624693243173
3,21.80640773588831
4,21.806450871704335
