time_step,temperature
0,26.631360079203652
1,26.562449511104536
2,26.649475518971006
3,26.69954170021353
4,26.621050267966055
