time_step,temperature
0,25.96192916173685
1,26.357182045746253
2,26.17067515538187
3,26.67770439480145
4,25.443332989164794
