time_step,temperature
0,29.809875878817852
1,29.809875878817852
2,29.809875878817852
3,29.809875878817852
4,29.809875878817852
