time_step,temperature
0,29.634642416484255
1,29.634642414124098
2,29.634642412932905
3,29.634642410958882
4,29.63464241496569
