time_step,temperature
0,24.68653231732594
1,24.68653231732594
2,24.68653231732594
3,24.68653231732594
4,24.68653231732594
