time_step,temperature
0,25.43905358084211
1,25.438919799841912
2,25.44013402877835
3,25.440897976324656
4,25.438182204248633
