time_step,temperature
0,21.680469243994573
1,21.680469243994573
2,21.680469243994573
3,21.680469243994573
4,21.680469243994573
